Team,Year,Gold,Silver,Bronze,Number of Athletes,NOC,Host country,isHost
AIN,2024,1,3,1,32,AIN,FRA,0
Afghanistan,2008,0,0,1,4,AFG,CHN,0
Afghanistan,2012,0,0,1,6,AFG,GBR,0
Albania,2024,0,0,2,8,ALB,FRA,0
Algeria,1984,0,0,2,33,ALG,USA,0
Algeria,1992,1,0,1,35,ALG,ESP,0
Algeria,1996,2,0,1,45,ALG,USA,0
Algeria,2000,1,1,3,47,ALG,AUS,0
Algeria,2008,0,1,1,56,ALG,CHN,0
Algeria,2012,1,0,0,38,ALG,GBR,0
Algeria,2016,0,2,0,64,ALG,BRA,0
Algeria,2024,2,0,1,46,ALG,FRA,0
Argentina,1988,0,1,1,118,ARG,KOR,0
Argentina,1992,0,0,1,84,ARG,ESP,0
Argentina,1996,0,2,1,179,ARG,USA,0
Argentina,2000,0,2,2,138,ARG,AUS,0
Argentina,2004,2,0,4,149,ARG,GRC,0
Argentina,2008,2,0,4,131,ARG,CHN,0
Argentina,2012,1,1,2,137,ARG,GBR,0
Argentina,2016,3,1,0,213,ARG,BRA,0
Argentina,2020,0,1,2,189,ARG,JPN,0
Argentina,2024,1,1,1,143,ARG,FRA,0
Armenia,1996,1,1,0,32,ARM,USA,0
Armenia,2000,0,0,1,25,ARM,AUS,0
Armenia,2008,0,0,6,24,ARM,CHN,0
Armenia,2012,0,1,2,24,ARM,GBR,0
Armenia,2016,1,3,0,31,ARM,BRA,0
Armenia,2020,0,2,2,17,ARM,JPN,0
Armenia,2024,0,3,1,15,ARM,FRA,0
Australia,1984,4,8,12,242,AUS,USA,0
Australia,1988,3,6,5,252,AUS,KOR,0
Australia,1992,7,9,11,278,AUS,ESP,0
Australia,1996,9,9,22,412,AUS,USA,0
Australia,2000,15,25,17,603,AUS,AUS,1
Australia,2004,17,16,17,460,AUS,GRC,0
Australia,2008,14,15,17,429,AUS,CHN,0
Australia,2012,7,16,12,398,AUS,GBR,0
Australia,2016,8,11,10,414,AUS,BRA,0
Australia,2020,17,7,22,489,AUS,JPN,0
Australia,2024,18,18,16,474,AUS,FRA,0
Australia-1,1996,0,0,1,4,AUS,USA,0
Australia-1,2000,1,0,0,12,AUS,AUS,1
Austria,1984,1,1,1,102,AUT,USA,0
Austria,1988,1,0,0,73,AUT,KOR,0
Austria,1992,0,2,0,102,AUT,ESP,0
Austria,1996,0,1,2,70,AUT,USA,0
Austria,2000,2,1,0,92,AUT,AUS,0
Austria,2004,2,4,1,70,AUT,GRC,0
Austria,2008,0,1,2,66,AUT,CHN,0
Austria,2016,0,0,1,67,AUT,BRA,0
Austria,2020,1,1,5,76,AUT,JPN,0
Austria,2024,2,0,3,84,AUT,FRA,0
Azerbaijan,1996,0,1,0,23,AZE,USA,0
Azerbaijan,2000,2,0,1,31,AZE,AUS,0
Azerbaijan,2004,1,0,4,36,AZE,GRC,0
Azerbaijan,2008,1,2,4,44,AZE,CHN,0
Azerbaijan,2012,2,2,6,52,AZE,GBR,0
Azerbaijan,2016,1,7,10,56,AZE,BRA,0
Azerbaijan,2020,0,3,4,44,AZE,JPN,0
Azerbaijan,2024,2,2,3,48,AZE,FRA,0
Bahamas,1992,0,0,1,14,BAH,ESP,0
Bahamas,1996,0,1,0,26,BAH,USA,0
Bahamas,2000,2,0,1,25,BAH,AUS,0
Bahamas,2004,1,0,1,22,BAH,GRC,0
Bahamas,2008,0,1,1,25,BAH,CHN,0
Bahamas,2012,1,0,0,21,BAH,GBR,0
Bahamas,2016,1,0,1,29,BAH,BRA,0
Bahamas,2020,2,0,0,16,BAH,JPN,0
Bahrain,2012,0,0,1,12,BRN,GBR,0
Bahrain,2016,1,1,0,33,BRN,BRA,0
Bahrain,2020,0,1,0,32,BRN,JPN,0
Bahrain,2024,2,1,1,14,BRN,FRA,0
Barbados,2000,0,0,1,18,BAR,AUS,0
Belarus,1996,1,6,8,157,BLR,USA,0
Belarus,2000,3,3,11,139,BLR,AUS,0
Belarus,2004,2,5,6,151,BLR,GRC,0
Belarus,2008,4,5,9,175,BLR,CHN,0
Belarus,2012,2,5,5,160,BLR,GBR,0
Belarus,2016,1,4,4,120,BLR,BRA,0
Belarus,2020,1,3,3,103,BLR,JPN,0
Belgium,1984,1,1,2,63,BEL,USA,0
Belgium,1988,0,0,2,59,BEL,KOR,0
Belgium,1992,0,1,2,68,BEL,ESP,0
Belgium,1996,2,2,2,61,BEL,USA,0
Belgium,2000,0,2,3,68,BEL,AUS,0
Belgium,2004,1,0,2,50,BEL,GRC,0
Belgium,2008,1,1,0,94,BEL,CHN,0
Belgium,2012,0,1,2,111,BEL,GBR,0
Belgium,2016,2,2,2,104,BEL,BRA,0
Belgium,2020,3,1,3,130,BEL,JPN,0
Belgium,2024,3,1,5,177,BEL,FRA,0
Bermuda,2020,1,0,0,2,BER,JPN,0
Bonaparte,2008,1,0,0,1,GER,CHN,0
Botswana,2012,0,1,0,4,BOT,GBR,0
Botswana,2020,0,0,1,14,BOT,JPN,0
Botswana,2024,1,1,0,14,BOT,FRA,0
Brazil,1984,1,5,2,147,BRA,USA,0
Brazil,1988,1,2,3,157,BRA,KOR,0
Brazil,1992,2,1,0,181,BRA,ESP,0
Brazil,1996,2,2,9,212,BRA,USA,0
Brazil,2000,0,4,5,189,BRA,AUS,0
Brazil,2004,4,1,3,234,BRA,GRC,0
Brazil,2008,3,3,8,258,BRA,CHN,0
Brazil,2012,3,4,8,236,BRA,GBR,0
Brazil,2016,6,5,6,448,BRA,BRA,1
Brazil,2020,7,6,8,319,BRA,JPN,0
Brazil,2024,3,7,10,289,BRA,FRA,0
Brazil-1,1996,1,0,0,4,BRA,USA,0
Brazil-1,2000,0,2,0,4,BRA,AUS,0
Brazil-1,2004,1,1,0,4,BRA,GRC,0
Brazil-1,2008,0,1,0,4,BRA,CHN,0
Brazil-1,2012,0,1,1,6,BRA,GBR,0
Brazil-1,2016,1,1,0,6,BRA,BRA,1
Brazil-2,1996,0,1,0,4,BRA,USA,0
Brazil-2,2000,0,0,1,4,BRA,AUS,0
Brazil-2,2008,0,0,1,4,BRA,CHN,0
Bulgaria,1988,10,12,13,172,BUL,KOR,0
Bulgaria,1992,3,7,6,134,BUL,ESP,0
Bulgaria,1996,3,7,5,108,BUL,USA,0
Bulgaria,2000,5,6,2,91,BUL,AUS,0
Bulgaria,2004,2,1,9,95,BUL,GRC,0
Bulgaria,2008,1,1,3,70,BUL,CHN,0
Bulgaria,2012,0,1,1,63,BUL,GBR,0
Bulgaria,2016,0,1,2,50,BUL,BRA,0
Bulgaria,2020,3,1,2,42,BUL,JPN,0
Bulgaria,2024,3,1,3,46,BUL,FRA,0
Burkina Faso,2020,0,0,1,7,BUR,JPN,0
Burundi,1996,1,0,0,7,BDI,USA,0
Burundi,2016,0,1,0,9,BDI,BRA,0
Cabo Verde,2024,0,0,1,7,CPV,FRA,0
Cameroon,1984,0,0,1,46,CMR,USA,0
Cameroon,2000,1,0,0,34,CMR,AUS,0
Cameroon,2004,1,0,0,17,CMR,GRC,0
Cameroon,2008,1,0,0,32,CMR,CHN,0
Canada,1984,10,18,16,408,CAN,USA,0
Canada,1988,3,2,5,328,CAN,KOR,0
Canada,1992,7,4,7,294,CAN,ESP,0
Canada,1996,3,11,7,298,CAN,USA,0
Canada,2000,3,3,8,288,CAN,AUS,0
Canada,2004,3,6,3,256,CAN,GRC,0
Canada,2008,3,9,7,332,CAN,CHN,0
Canada,2012,1,5,12,272,CAN,GBR,0
Canada,2016,4,3,15,301,CAN,BRA,0
Canada,2020,7,6,11,386,CAN,JPN,0
Canada,2024,9,7,11,332,CAN,FRA,0
Canada-1,1996,0,0,1,6,CAN,USA,0
Chile,1988,0,1,0,17,CHI,KOR,0
Chile,2000,0,0,1,50,CHI,AUS,0
Chile,2004,2,0,1,22,CHI,GRC,0
Chile,2008,0,1,0,26,CHI,CHN,0
Chile,2024,1,1,0,48,CHI,FRA,0
China,1984,15,8,9,215,CHN,USA,0
China,1988,4,11,12,270,CHN,KOR,0
China,1992,14,20,13,233,CHN,ESP,0
China,1996,13,20,11,277,CHN,USA,0
China,2000,24,14,13,252,CHN,AUS,0
China,2004,27,17,13,354,CHN,GRC,0
China,2008,50,19,24,567,CHN,CHN,1
China,2012,35,26,23,354,CHN,GBR,0
China,2016,25,18,25,378,CHN,BRA,0
China,2020,38,32,18,417,CHN,JPN,0
China,2024,40,27,24,396,CHN,FRA,0
China-1,1988,1,0,0,2,CHN,KOR,0
China-1,1992,1,2,0,8,CHN,ESP,0
China-1,1996,1,1,0,9,CHN,USA,0
China-1,2000,1,1,1,11,CHN,AUS,0
China-1,2004,4,0,0,14,CHN,GRC,0
China-1,2008,1,2,2,9,CHN,CHN,1
China-1,2012,3,0,0,7,CHN,GBR,0
China-1,2016,1,0,1,7,CHN,BRA,0
China-2,1992,1,0,2,8,CHN,ESP,0
China-2,1996,2,1,1,10,CHN,USA,0
China-2,2000,3,1,0,10,CHN,AUS,0
China-2,2004,1,0,1,14,CHN,GRC,0
China-2,2008,0,0,2,10,CHN,CHN,1
China-2,2012,0,1,0,8,CHN,GBR,0
Chinese Taipei,1984,0,0,1,38,TPE,USA,0
Chinese Taipei,1992,0,1,0,31,TPE,ESP,0
Chinese Taipei,1996,0,1,0,73,TPE,USA,0
Chinese Taipei,2000,0,1,4,53,TPE,AUS,0
Chinese Taipei,2004,2,2,1,88,TPE,GRC,0
Chinese Taipei,2008,0,0,4,79,TPE,CHN,0
Chinese Taipei,2012,0,1,1,44,TPE,GBR,0
Chinese Taipei,2016,1,0,2,55,TPE,BRA,0
Chinese Taipei,2020,2,4,6,68,TPE,JPN,0
Chinese Taipei,2024,2,0,5,60,TPE,FRA,0
Clearwater,2008,0,0,1,1,DEN,CHN,0
Colombia,1984,0,1,0,39,COL,USA,0
Colombia,1988,0,0,1,40,COL,KOR,0
Colombia,1992,0,0,1,49,COL,ESP,0
Colombia,2000,1,0,0,44,COL,AUS,0
Colombia,2004,0,0,2,53,COL,GRC,0
Colombia,2008,0,1,1,67,COL,CHN,0
Colombia,2012,1,3,4,101,COL,GBR,0
Colombia,2016,3,2,3,143,COL,BRA,0
Colombia,2020,0,4,1,69,COL,JPN,0
Colombia,2024,0,3,1,88,COL,FRA,0
Costa Rica,1988,0,1,0,16,CRC,KOR,0
Costa Rica,1996,1,0,0,11,CRC,USA,0
Costa Rica,2000,0,0,2,7,CRC,AUS,0
Cote d'Ivoire,1984,0,1,0,15,CIV,USA,0
Cote d'Ivoire,2016,1,0,1,12,CIV,BRA,0
Croatia,1992,0,1,2,39,CRO,ESP,0
Croatia,1996,1,1,0,84,CRO,USA,0
Croatia,2000,1,0,1,88,CRO,AUS,0
Croatia,2004,1,2,2,81,CRO,GRC,0
Croatia,2008,0,2,3,99,CRO,CHN,0
Croatia,2012,3,1,2,107,CRO,GBR,0
Croatia,2016,5,3,2,85,CRO,BRA,0
Croatia,2020,3,3,2,60,CRO,JPN,0
Croatia,2024,2,2,3,73,CRO,FRA,0
Cuba,1992,14,6,11,176,CUB,ESP,0
Cuba,1996,9,8,8,164,CUB,USA,0
Cuba,2000,11,11,7,229,CUB,AUS,0
Cuba,2004,9,7,11,151,CUB,GRC,0
Cuba,2008,2,11,11,154,CUB,CHN,0
Cuba,2012,5,3,6,109,CUB,GBR,0
Cuba,2016,5,2,4,117,CUB,BRA,0
Cuba,2020,7,3,5,69,CUB,JPN,0
Cuba,2024,2,1,6,61,CUB,FRA,0
Cyprus,2012,0,1,0,13,CYP,GBR,0
Cyprus,2024,0,1,0,15,CYP,FRA,0
Czech Republic,1996,4,2,4,111,CZE,USA,0
Czech Republic,2000,2,3,2,111,CZE,AUS,0
Czech Republic,2004,1,3,4,136,CZE,GRC,0
Czech Republic,2008,3,3,0,131,CZE,CHN,0
Czech Republic,2012,4,2,3,126,CZE,GBR,0
Czech Republic,2016,1,2,6,103,CZE,BRA,0
Czech Republic,2020,4,4,3,115,CZE,JPN,0
Czech Republic-1,1996,0,1,0,2,CZE,USA,0
Czech Republic-1,2000,0,0,1,4,CZE,AUS,0
Czech Republic-1,2004,0,0,1,4,CZE,GRC,0
Czech Republic-1,2012,0,1,0,6,CZE,GBR,0
Czech Republic-1,2016,0,0,1,2,CZE,BRA,0
Czechia,2024,3,0,2,111,CZE,FRA,0
Czechoslovakia,1988,3,3,2,163,TCH,KOR,0
Czechoslovakia,1992,4,1,1,202,TCH,ESP,0
Czechoslovakia-1,1992,0,1,0,2,TCH,ESP,0
Côte d'Ivoire,2024,0,0,1,13,CIV,FRA,0
DPR Korea,2024,0,2,4,14,PRK,FRA,0
Denmark,1984,0,3,3,60,DEN,USA,0
Denmark,1988,2,1,1,78,DEN,KOR,0
Denmark,1992,1,1,4,101,DEN,ESP,0
Denmark,1996,4,1,1,112,DEN,USA,0
Denmark,2000,2,3,1,89,DEN,AUS,0
Denmark,2004,2,1,4,84,DEN,GRC,0
Denmark,2008,2,2,2,80,DEN,CHN,0
Denmark,2012,2,4,2,111,DEN,GBR,0
Denmark,2016,2,6,7,117,DEN,BRA,0
Denmark,2020,3,4,4,108,DEN,JPN,0
Denmark,2024,2,2,5,128,DEN,FRA,0
Denmark-1,2012,0,0,1,2,DEN,GBR,0
Denmark-2,2004,0,0,1,5,DEN,GRC,0
Digby,2008,0,0,1,1,DEN,CHN,0
Djibouti,1988,0,0,1,6,DJI,KOR,0
Dominica,2024,1,0,0,4,DMA,FRA,0
Dominican Republic,1984,0,0,1,19,DOM,USA,0
Dominican Republic,2004,1,0,0,33,DOM,GRC,0
Dominican Republic,2008,1,1,0,24,DOM,CHN,0
Dominican Republic,2012,1,1,0,33,DOM,GBR,0
Dominican Republic,2016,0,0,1,26,DOM,BRA,0
Dominican Republic,2020,0,3,2,66,DOM,JPN,0
Dominican Republic,2024,1,0,2,59,DOM,FRA,0
Don Schufro,2008,0,0,1,1,DEN,CHN,0
EOR,2024,0,0,1,37,EOR,FRA,0
East Germany,1988,37,35,30,259,GDR,KOR,0
Ecuador,1996,1,0,0,19,ECU,USA,0
Ecuador,2008,0,1,0,25,ECU,CHN,0
Ecuador,2020,2,1,0,47,ECU,JPN,0
Ecuador,2024,1,2,2,40,ECU,FRA,0
Egypt,1984,0,1,0,113,EGY,USA,0
Egypt,2004,1,1,3,96,EGY,GRC,0
Egypt,2008,0,0,1,100,EGY,CHN,0
Egypt,2012,0,2,0,109,EGY,GBR,0
Egypt,2016,0,0,3,118,EGY,BRA,0
Egypt,2020,1,1,4,140,EGY,JPN,0
Egypt,2024,1,1,1,155,EGY,FRA,0
Elvis Va,2008,1,0,0,1,GER,CHN,0
Eritrea,2004,0,0,1,4,ERI,GRC,0
Estonia,1992,1,0,1,37,EST,ESP,0
Estonia,2000,1,0,2,33,EST,AUS,0
Estonia,2004,0,1,2,42,EST,GRC,0
Estonia,2008,1,1,0,47,EST,CHN,0
Estonia,2012,0,1,1,32,EST,GBR,0
Estonia,2016,0,0,1,46,EST,BRA,0
Estonia,2020,1,0,1,33,EST,JPN,0
Ethiopia,1992,1,0,2,20,ETH,ESP,0
Ethiopia,1996,2,0,1,18,ETH,USA,0
Ethiopia,2000,4,1,3,26,ETH,AUS,0
Ethiopia,2004,2,3,2,26,ETH,GRC,0
Ethiopia,2008,4,1,2,27,ETH,CHN,0
Ethiopia,2012,3,1,3,33,ETH,GBR,0
Ethiopia,2016,1,2,5,37,ETH,BRA,0
Ethiopia,2020,1,1,2,37,ETH,JPN,0
Ethiopia,2024,1,3,0,33,ETH,FRA,0
Fiji,2016,1,0,0,53,FIJ,BRA,0
Fiji,2020,1,0,1,32,FIJ,JPN,0
Fiji,2024,0,1,0,36,FIJ,FRA,0
Finland,1984,4,2,6,86,FIN,USA,0
Finland,1988,1,1,2,78,FIN,KOR,0
Finland,1992,1,2,2,87,FIN,ESP,0
Finland,1996,1,2,1,76,FIN,USA,0
Finland,2000,2,1,1,70,FIN,AUS,0
Finland,2004,0,2,0,53,FIN,GRC,0
Finland,2008,1,1,2,57,FIN,CHN,0
Finland,2012,0,1,2,56,FIN,GBR,0
Finland,2016,0,0,1,54,FIN,BRA,0
Finland,2020,0,0,2,45,FIN,JPN,0
France,1984,5,7,16,238,FRA,USA,0
France,1988,6,4,6,266,FRA,KOR,0
France,1992,8,5,15,331,FRA,ESP,0
France,1996,14,7,15,293,FRA,USA,0
France,2000,13,14,10,335,FRA,AUS,0
France,2004,11,9,13,307,FRA,GRC,0
France,2008,7,16,18,308,FRA,CHN,0
France,2012,11,10,12,323,FRA,GBR,0
France,2016,10,18,14,390,FRA,BRA,0
France,2020,10,12,11,396,FRA,JPN,0
France,2024,16,26,22,601,FRA,FRA,1
France-1,1992,0,0,1,4,FRA,ESP,0
France-1,1996,1,0,0,4,FRA,USA,0
France-1,2000,0,0,1,2,FRA,AUS,0
France-1,2012,0,1,0,2,FRA,GBR,0
France-2,2012,0,0,1,2,FRA,GBR,0
Gabon,2012,0,1,0,21,GAB,GBR,0
Georgia,1996,0,0,2,34,GEO,USA,0
Georgia,2000,0,0,6,36,GEO,AUS,0
Georgia,2004,2,2,0,32,GEO,GRC,0
Georgia,2008,3,0,3,35,GEO,CHN,0
Georgia,2012,1,3,3,34,GEO,GBR,0
Georgia,2016,2,1,4,40,GEO,BRA,0
Georgia,2020,2,5,1,35,GEO,JPN,0
Georgia,2024,3,3,1,28,GEO,FRA,0
Germany,1992,33,21,28,457,GER,ESP,0
Germany,1996,20,18,26,459,GER,USA,0
Germany,2000,13,17,25,410,GER,AUS,0
Germany,2004,13,15,20,427,GER,GRC,0
Germany,2008,15,10,15,412,GER,CHN,0
Germany,2012,10,19,14,374,GER,GBR,0
Germany,2016,16,10,15,413,GER,BRA,0
Germany,2020,10,11,16,415,GER,JPN,0
Germany,2024,11,12,8,457,GER,FRA,0
Germany-1,1996,0,0,1,4,GER,USA,0
Germany-1,2000,0,0,1,8,GER,AUS,0
Germany-1,2004,0,1,0,8,GER,GRC,0
Germany-1,2012,1,0,0,8,GER,GBR,0
Germany-1,2016,1,0,0,4,GER,BRA,0
Ghana,1992,0,0,1,34,GHA,ESP,0
Ghana,2020,0,0,1,14,GHA,JPN,0
Great Britain,1984,5,11,21,337,GBR,USA,0
Great Britain,1988,5,10,9,344,GBR,KOR,0
Great Britain,1992,5,3,12,359,GBR,ESP,0
Great Britain,1996,1,8,6,298,GBR,USA,0
Great Britain,2000,11,10,6,301,GBR,AUS,0
Great Britain,2004,9,8,12,258,GBR,GRC,0
Great Britain,2008,19,13,16,301,GBR,CHN,0
Great Britain,2012,28,16,19,525,GBR,GBR,1
Great Britain,2016,27,23,17,357,GBR,BRA,0
Great Britain,2020,22,21,22,392,GBR,JPN,0
Great Britain,2024,13,22,28,343,GBR,FRA,0
Great Britain-1,2004,0,1,0,4,GBR,GRC,0
Great Britain-1,2012,1,0,0,6,GBR,GBR,1
Great Britain-2,2000,0,0,1,4,GBR,AUS,0
Great Britain-2,2012,0,1,0,6,GBR,GBR,1
Greece,1984,0,1,1,63,GRE,USA,0
Greece,1988,0,0,1,56,GRE,KOR,0
Greece,1992,2,0,0,70,GRE,ESP,0
Greece,1996,4,4,0,121,GRE,USA,0
Greece,2000,4,6,3,140,GRE,AUS,0
Greece,2004,6,6,4,422,GRE,GRC,0
Greece,2008,0,2,2,148,GRE,CHN,0
Greece,2012,0,0,2,102,GRE,GBR,0
Greece,2016,3,1,2,92,GRE,BRA,0
Greece,2020,2,1,1,82,GRE,JPN,0
Greece,2024,1,1,6,100,GRE,FRA,0
Grenada,2012,1,0,0,8,GRN,GBR,0
Grenada,2016,0,1,0,6,GRN,BRA,0
Grenada,2020,0,0,1,6,GRN,JPN,0
Grenada,2024,0,0,2,6,GRN,FRA,0
Guatemala,2012,0,1,0,19,GUA,GBR,0
Guatemala,2024,1,0,1,16,GUA,FRA,0
Hong Kong,1996,1,0,0,22,HKG,USA,0
Hong Kong,2012,0,0,1,41,HKG,GBR,0
"Hong Kong, China",2020,1,2,3,44,HKG,JPN,0
"Hong Kong, China",2024,2,0,2,34,HKG,FRA,0
Hong Kong-2,2004,0,1,0,4,HKG,GRC,0
Hungary,1988,11,6,6,188,HUN,KOR,0
Hungary,1992,11,12,7,215,HUN,ESP,0
Hungary,1996,7,4,10,212,HUN,USA,0
Hungary,2000,8,6,3,178,HUN,AUS,0
Hungary,2004,8,6,3,206,HUN,GRC,0
Hungary,2008,3,5,2,169,HUN,CHN,0
Hungary,2012,8,4,6,151,HUN,GBR,0
Hungary,2016,8,3,4,153,HUN,BRA,0
Hungary,2020,6,7,7,171,HUN,JPN,0
Hungary,2024,6,7,5,177,HUN,FRA,0
IR Iran,2024,3,6,3,41,IRI,FRA,0
Iceland,1984,0,0,1,30,ISL,USA,0
Iceland,2000,0,0,1,18,ISL,AUS,0
Iceland,2008,0,1,0,27,ISL,CHN,0
India,1996,0,0,1,49,IND,USA,0
India,2000,0,0,1,65,IND,AUS,0
India,2004,0,1,0,73,IND,GRC,0
India,2008,1,0,2,53,IND,CHN,0
India,2012,0,2,4,79,IND,GBR,0
India,2016,0,1,1,112,IND,BRA,0
India,2020,1,2,4,126,IND,JPN,0
India,2024,0,1,5,112,IND,FRA,0
Individual Olympic Athletes,1992,0,1,2,58,IOA,ESP,0
Individual Olympic Athletes,2016,1,0,1,9,IOA,BRA,0
Indonesia,1988,0,1,0,29,INA,KOR,0
Indonesia,1992,2,1,1,34,INA,ESP,0
Indonesia,1996,1,1,1,28,INA,USA,0
Indonesia,2000,1,2,2,35,INA,AUS,0
Indonesia,2004,1,1,1,30,INA,GRC,0
Indonesia,2008,0,0,3,18,INA,CHN,0
Indonesia,2012,0,1,1,22,INA,GBR,0
Indonesia,2016,0,2,0,24,INA,BRA,0
Indonesia,2020,1,1,3,28,INA,JPN,0
Indonesia,2024,2,0,1,29,INA,FRA,0
Indonesia-1,1992,0,1,0,4,INA,ESP,0
Indonesia-1,1996,0,0,1,6,INA,USA,0
Indonesia-1,2000,0,1,0,6,INA,AUS,0
Indonesia-1,2004,0,0,1,4,INA,GRC,0
Indonesia-1,2008,1,1,0,4,INA,CHN,0
Indonesia-1,2016,1,0,0,2,INA,BRA,0
Iran,1988,0,1,0,23,IRI,KOR,0
Iran,1992,0,1,2,36,IRI,ESP,0
Iran,1996,1,1,1,18,IRI,USA,0
Iran,2000,3,0,1,33,IRI,AUS,0
Iran,2004,2,2,2,37,IRI,GRC,0
Iran,2008,1,0,1,54,IRI,CHN,0
Iran,2012,4,5,3,52,IRI,GBR,0
Iran,2016,3,1,4,63,IRI,BRA,0
Iran,2020,3,2,2,65,IRI,JPN,0
Ireland,1984,0,1,0,42,IRL,USA,0
Ireland,1992,1,1,0,58,IRL,ESP,0
Ireland,1996,3,0,1,78,IRL,USA,0
Ireland,2000,0,1,0,64,IRL,AUS,0
Ireland,2008,0,1,2,55,IRL,CHN,0
Ireland,2012,1,1,3,64,IRL,GBR,0
Ireland,2016,0,2,0,76,IRL,BRA,0
Ireland,2020,2,0,2,125,IRL,JPN,0
Ireland,2024,3,0,2,143,IRL,FRA,0
Israel,1992,0,1,1,30,ISR,ESP,0
Israel,1996,0,0,1,25,ISR,USA,0
Israel,2000,0,0,1,39,ISR,AUS,0
Israel,2004,1,0,1,36,ISR,GRC,0
Israel,2008,0,0,1,43,ISR,CHN,0
Israel,2016,0,0,2,47,ISR,BRA,0
Israel,2020,2,0,2,90,ISR,JPN,0
Israel,2024,1,5,1,89,ISR,FRA,0
Italy,1984,14,6,12,268,ITA,USA,0
Italy,1988,6,4,4,253,ITA,KOR,0
Italy,1992,6,5,8,304,ITA,ESP,0
Italy,1996,13,10,12,340,ITA,USA,0
Italy,2000,13,8,13,357,ITA,AUS,0
Italy,2004,10,11,11,363,ITA,GRC,0
Italy,2008,8,9,10,332,ITA,CHN,0
Italy,2012,8,9,11,281,ITA,GBR,0
Italy,2016,8,11,8,305,ITA,BRA,0
Italy,2020,10,10,20,377,ITA,JPN,0
Italy,2024,12,11,13,397,ITA,FRA,0
Italy-1,2016,0,1,0,2,ITA,BRA,0
Ivory Coast,2020,0,0,1,31,CIV,JPN,0
Jamaica,1984,0,1,2,45,JAM,USA,0
Jamaica,1988,0,2,0,35,JAM,KOR,0
Jamaica,1992,0,3,1,36,JAM,ESP,0
Jamaica,1996,1,3,2,46,JAM,USA,0
Jamaica,2000,0,6,3,48,JAM,AUS,0
Jamaica,2004,2,1,2,47,JAM,GRC,0
Jamaica,2008,5,2,2,50,JAM,CHN,0
Jamaica,2012,4,4,4,45,JAM,GBR,0
Jamaica,2016,6,3,2,56,JAM,BRA,0
Jamaica,2020,4,1,4,61,JAM,JPN,0
Jamaica,2024,1,3,2,65,JAM,FRA,0
Japan,1984,10,7,14,226,JPN,USA,0
Japan,1988,4,3,7,254,JPN,KOR,0
Japan,1992,3,8,11,247,JPN,ESP,0
Japan,1996,3,6,5,296,JPN,USA,0
Japan,2000,5,8,5,255,JPN,AUS,0
Japan,2004,16,9,12,300,JPN,GRC,0
Japan,2008,9,7,9,324,JPN,CHN,0
Japan,2012,7,13,17,287,JPN,GBR,0
Japan,2016,12,8,21,335,JPN,BRA,0
Japan,2020,27,14,17,613,JPN,JPN,1
Japan,2024,20,12,13,430,JPN,FRA,0
Japan-1,2012,0,1,0,2,JPN,GBR,0
Jordan,2016,1,0,0,8,JOR,BRA,0
Jordan,2020,0,1,1,14,JOR,JPN,0
Jordan,2024,0,1,0,12,JOR,FRA,0
Kazakhstan,1996,3,4,4,96,KAZ,USA,0
Kazakhstan,2000,3,4,0,130,KAZ,AUS,0
Kazakhstan,2004,1,4,3,114,KAZ,GRC,0
Kazakhstan,2008,2,4,7,130,KAZ,CHN,0
Kazakhstan,2012,7,1,5,113,KAZ,GBR,0
Kazakhstan,2016,3,5,10,101,KAZ,BRA,0
Kazakhstan,2020,0,0,8,97,KAZ,JPN,0
Kazakhstan,2024,1,3,3,79,KAZ,FRA,0
Kenya,1984,1,0,2,61,KEN,USA,0
Kenya,1988,5,2,2,74,KEN,KOR,0
Kenya,1992,2,4,2,49,KEN,ESP,0
Kenya,1996,1,4,3,52,KEN,USA,0
Kenya,2000,2,3,2,56,KEN,AUS,0
Kenya,2004,1,4,2,46,KEN,GRC,0
Kenya,2008,6,4,5,46,KEN,CHN,0
Kenya,2012,2,4,5,47,KEN,GBR,0
Kenya,2016,6,6,1,79,KEN,BRA,0
Kenya,2020,4,4,2,87,KEN,JPN,0
Kenya,2024,4,2,5,74,KEN,FRA,0
Korea,2024,13,9,10,147,KOR,FRA,0
Kosovo,2016,1,0,0,8,KOS,BRA,0
Kosovo,2020,2,0,0,11,KOS,JPN,0
Kosovo,2024,0,1,1,9,KOS,FRA,0
Kuwait,2000,0,0,1,29,KUW,AUS,0
Kuwait,2012,0,0,1,10,KUW,GBR,0
Kuwait,2020,0,0,1,10,KUW,JPN,0
Kyrgyzstan,2000,0,0,1,48,KGZ,AUS,0
Kyrgyzstan,2008,0,1,1,20,KGZ,CHN,0
Kyrgyzstan,2020,0,2,1,16,KGZ,JPN,0
Kyrgyzstan,2024,0,2,4,16,KGZ,FRA,0
Latvia,1992,0,2,1,34,LAT,ESP,0
Latvia,1996,0,1,0,47,LAT,USA,0
Latvia,2000,1,1,1,45,LAT,AUS,0
Latvia,2004,0,4,0,32,LAT,GRC,0
Latvia,2008,1,1,1,47,LAT,CHN,0
Latvia,2012,1,0,0,41,LAT,GBR,0
Latvia,2020,1,0,1,33,LAT,JPN,0
Latvia-1,2012,0,0,1,2,LAT,GBR,0
Lithuania,1992,1,0,1,47,LTU,ESP,0
Lithuania,1996,0,0,1,61,LTU,USA,0
Lithuania,2000,2,0,3,61,LTU,AUS,0
Lithuania,2004,1,2,0,59,LTU,GRC,0
Lithuania,2008,0,2,3,71,LTU,CHN,0
Lithuania,2012,2,1,2,62,LTU,GBR,0
Lithuania,2016,0,1,3,67,LTU,BRA,0
Lithuania,2020,0,1,0,42,LTU,JPN,0
Lithuania,2024,0,2,2,51,LTU,FRA,0
Macedonia,2000,0,0,1,10,MKD,AUS,0
Malaysia,1996,0,0,1,31,MAS,USA,0
Malaysia,2008,0,1,0,27,MAS,CHN,0
Malaysia,2012,0,1,1,28,MAS,GBR,0
Malaysia,2016,0,4,1,32,MAS,BRA,0
Malaysia,2020,0,1,1,30,MAS,JPN,0
Malaysia,2024,0,0,2,26,MAS,FRA,0
Malaysia-1,1996,0,1,0,2,MAS,USA,0
Malaysia-2,1992,0,0,1,2,MAS,ESP,0
Mauritius,2008,0,0,1,11,MRI,CHN,0
Mexico,1984,2,3,1,98,MEX,USA,0
Mexico,1988,0,0,2,81,MEX,KOR,0
Mexico,1992,0,1,0,102,MEX,ESP,0
Mexico,1996,0,0,1,97,MEX,USA,0
Mexico,2000,1,2,3,78,MEX,AUS,0
Mexico,2004,0,3,1,109,MEX,GRC,0
Mexico,2008,2,0,1,83,MEX,CHN,0
Mexico,2012,1,3,3,99,MEX,GBR,0
Mexico,2016,0,3,2,122,MEX,BRA,0
Mexico,2020,0,0,4,162,MEX,JPN,0
Mexico,2024,0,3,2,108,MEX,FRA,0
Moldova,1996,0,1,1,40,MDA,USA,0
Moldova,2000,0,1,1,34,MDA,AUS,0
Moldova,2008,0,0,1,29,MDA,CHN,0
Moldova,2012,0,0,2,20,MDA,GBR,0
Moldova,2020,0,0,1,20,MDA,JPN,0
Mongolia,1988,0,0,1,28,MGL,KOR,0
Mongolia,1992,0,0,2,33,MGL,ESP,0
Mongolia,1996,0,0,1,16,MGL,USA,0
Mongolia,2004,0,0,1,20,MGL,GRC,0
Mongolia,2008,2,2,0,28,MGL,CHN,0
Mongolia,2012,0,2,3,29,MGL,GBR,0
Mongolia,2016,0,1,1,43,MGL,BRA,0
Mongolia,2020,0,1,3,43,MGL,JPN,0
Mongolia,2024,0,1,0,32,MGL,FRA,0
Montenegro,2012,0,1,0,33,MNE,GBR,0
Morocco,1984,2,0,0,34,MAR,USA,0
Morocco,1988,1,0,2,27,MAR,KOR,0
Morocco,1992,1,1,1,44,MAR,ESP,0
Morocco,1996,0,0,2,34,MAR,USA,0
Morocco,2000,0,1,4,55,MAR,AUS,0
Morocco,2004,2,1,0,55,MAR,GRC,0
Morocco,2008,0,1,1,47,MAR,CHN,0
Morocco,2012,0,0,1,63,MAR,GBR,0
Morocco,2016,0,0,1,48,MAR,BRA,0
Morocco,2020,1,0,0,46,MAR,JPN,0
Morocco,2024,1,0,1,61,MAR,FRA,0
Mozambique,1996,0,0,1,3,MOZ,USA,0
Mozambique,2000,1,0,0,4,MOZ,AUS,0
Nadine,2008,0,1,0,1,NED,CHN,0
Namibia,1992,0,2,0,6,NAM,ESP,0
Namibia,1996,0,2,0,8,NAM,USA,0
Namibia,2020,0,1,0,11,NAM,JPN,0
Netherlands,1984,5,2,6,135,NED,USA,0
Netherlands,1988,2,2,5,147,NED,KOR,0
Netherlands,1992,2,6,7,201,NED,ESP,0
Netherlands,1996,4,5,10,237,NED,USA,0
Netherlands,2000,12,9,4,231,NED,AUS,0
Netherlands,2004,4,9,9,210,NED,GRC,0
Netherlands,2008,7,4,4,233,NED,CHN,0
Netherlands,2012,6,6,8,169,NED,GBR,0
Netherlands,2016,8,7,3,229,NED,BRA,0
Netherlands,2020,10,12,14,282,NED,JPN,0
Netherlands,2024,15,7,12,288,NED,FRA,0
Netherlands Antilles,1988,0,1,0,3,AHO,KOR,0
Netherlands-1,2016,0,0,1,4,NED,BRA,0
New Zealand,1984,8,1,2,130,NZL,USA,0
New Zealand,1988,3,2,8,83,NZL,KOR,0
New Zealand,1992,1,4,5,134,NZL,ESP,0
New Zealand,1996,3,2,1,95,NZL,USA,0
New Zealand,2000,1,0,3,147,NZL,AUS,0
New Zealand,2004,3,2,0,148,NZL,GRC,0
New Zealand,2008,3,2,4,178,NZL,CHN,0
New Zealand,2012,6,2,5,178,NZL,GBR,0
New Zealand,2016,4,9,5,195,NZL,BRA,0
New Zealand,2020,7,6,7,228,NZL,JPN,0
New Zealand,2024,10,7,3,208,NZL,FRA,0
Niger,2016,0,1,0,6,NIG,BRA,0
Nigeria,1984,0,1,1,32,NGR,USA,0
Nigeria,1992,0,3,1,54,NGR,ESP,0
Nigeria,1996,2,1,3,65,NGR,USA,0
Nigeria,2000,1,2,0,81,NGR,AUS,0
Nigeria,2004,0,0,2,66,NGR,GRC,0
Nigeria,2008,0,1,3,74,NGR,CHN,0
Nigeria,2016,0,0,1,71,NGR,BRA,0
Nigeria,2020,0,1,1,53,NGR,JPN,0
North Korea,1992,4,0,4,62,PRK,ESP,0
North Korea,1996,2,1,2,23,PRK,USA,0
North Korea,2000,0,1,3,31,PRK,AUS,0
North Korea,2004,0,4,1,36,PRK,GRC,0
North Korea,2008,2,1,3,58,PRK,CHN,0
North Korea,2012,4,0,2,51,PRK,GBR,0
North Korea,2016,2,3,2,30,PRK,BRA,0
North Korea-1,1992,0,0,1,4,PRK,ESP,0
North Macedonia,2020,0,1,0,8,MKD,JPN,0
Norway,1984,0,1,2,103,NOR,USA,0
Norway,1988,2,3,0,69,NOR,KOR,0
Norway,1992,2,4,1,83,NOR,ESP,0
Norway,1996,2,2,3,97,NOR,USA,0
Norway,2000,4,3,3,89,NOR,AUS,0
Norway,2004,5,0,1,44,NOR,GRC,0
Norway,2008,3,5,1,80,NOR,CHN,0
Norway,2012,2,1,1,61,NOR,GBR,0
Norway,2016,0,0,4,62,NOR,BRA,0
Norway,2020,4,2,2,93,NOR,JPN,0
Norway,2024,4,1,3,109,NOR,FRA,0
Pakistan,1984,1,0,0,31,PAK,USA,0
Pakistan,1988,0,0,1,30,PAK,KOR,0
Pakistan,1992,0,0,1,27,PAK,ESP,0
Pakistan,2024,1,0,0,7,PAK,FRA,0
Panama,2008,1,0,0,5,PAN,CHN,0
Panama,2024,0,1,0,8,PAN,FRA,0
Paraguay,2004,0,1,0,21,PAR,GRC,0
Peru,1984,0,1,0,35,PER,USA,0
Peru,1988,0,1,0,21,PER,KOR,0
Peru,1992,0,1,0,16,PER,ESP,0
Peru,2024,0,0,1,26,PER,FRA,0
Philippines,1988,0,0,1,31,PHI,KOR,0
Philippines,1992,0,0,1,26,PHI,ESP,0
Philippines,1996,0,1,0,12,PHI,USA,0
Philippines,2016,0,1,0,13,PHI,BRA,0
Philippines,2020,1,2,1,19,PHI,JPN,0
Philippines,2024,2,0,2,22,PHI,FRA,0
Poland,1988,2,5,9,143,POL,KOR,0
Poland,1992,3,6,10,199,POL,ESP,0
Poland,1996,7,5,5,161,POL,USA,0
Poland,2000,6,4,3,183,POL,AUS,0
Poland,2004,3,2,5,194,POL,GRC,0
Poland,2008,3,6,1,255,POL,CHN,0
Poland,2012,2,2,6,208,POL,GBR,0
Poland,2016,2,3,6,230,POL,BRA,0
Poland,2020,4,5,5,218,POL,JPN,0
Poland,2024,1,4,5,226,POL,FRA,0
Poland-1,2000,0,1,0,2,POL,AUS,0
Portugal,1984,1,0,2,38,POR,USA,0
Portugal,1988,1,0,0,65,POR,KOR,0
Portugal,1996,1,0,1,106,POR,USA,0
Portugal,2000,0,0,2,61,POR,AUS,0
Portugal,2004,0,2,1,80,POR,GRC,0
Portugal,2008,1,1,0,77,POR,CHN,0
Portugal,2012,0,1,0,76,POR,GBR,0
Portugal,2016,0,0,1,90,POR,BRA,0
Portugal,2020,1,1,2,93,POR,JPN,0
Portugal,2024,1,2,1,75,POR,FRA,0
Puerto Rico,1984,0,1,1,51,PUR,USA,0
Puerto Rico,1992,0,0,1,69,PUR,ESP,0
Puerto Rico,1996,0,0,1,69,PUR,USA,0
Puerto Rico,2012,0,1,1,25,PUR,GBR,0
Puerto Rico,2016,1,0,0,40,PUR,BRA,0
Puerto Rico,2020,1,0,0,37,PUR,JPN,0
Puerto Rico,2024,0,0,2,51,PUR,FRA,0
Qatar,1992,0,0,1,28,QAT,ESP,0
Qatar,2000,0,0,1,17,QAT,AUS,0
Qatar,2012,0,0,2,12,QAT,GBR,0
Qatar,2016,0,1,0,37,QAT,BRA,0
Qatar,2020,2,0,1,16,QAT,JPN,0
Qatar,2024,0,0,1,13,QAT,FRA,0
Republic of Moldova,2024,0,1,3,26,MDA,FRA,0
Romania,1984,19,16,17,124,ROU,USA,0
Romania,1988,7,11,6,68,ROU,KOR,0
Romania,1992,4,6,8,171,ROU,ESP,0
Romania,1996,4,7,8,165,ROU,USA,0
Romania,2000,11,6,9,145,ROU,AUS,0
Romania,2004,8,5,6,108,ROU,GRC,0
Romania,2008,4,1,3,101,ROU,CHN,0
Romania,2012,2,5,2,105,ROU,GBR,0
Romania,2016,1,1,2,94,ROU,BRA,0
Romania,2020,1,3,0,104,ROU,JPN,0
Romania,2024,3,4,2,96,ROU,FRA,0
Russia,1996,26,21,16,389,ROC,USA,0
Russia,2000,32,28,29,434,ROC,AUS,0
Russia,2004,28,26,36,442,ROC,GRC,0
Russia,2008,23,21,28,451,ROC,CHN,0
Russia,2012,24,26,31,422,ROC,GBR,0
Russia,2016,18,17,20,279,ROC,BRA,0
Russia,2020,20,28,23,341,ROC,JPN,0
Russia-1,2012,0,0,1,4,RUS,GBR,0
Russia-2,2016,1,0,0,4,RUS,BRA,0
Saint Lucia,2024,1,1,0,4,LCA,FRA,0
Salinero,2008,0,1,0,1,NED,CHN,0
San Marino,2020,0,1,2,5,SMR,JPN,0
Satchmo,2008,1,0,0,1,GER,CHN,0
Saudi Arabia,2000,0,1,1,18,KSA,AUS,0
Saudi Arabia,2012,0,0,1,18,KSA,GBR,0
Saudi Arabia,2020,0,1,0,33,KSA,JPN,0
Senegal,1988,0,1,0,23,SEN,KOR,0
Serbia,2008,0,1,2,87,SRB,CHN,0
Serbia,2012,1,1,2,116,SRB,GBR,0
Serbia,2016,2,4,2,103,SRB,BRA,0
Serbia,2020,3,1,5,87,SRB,JPN,0
Serbia,2024,3,1,1,114,SRB,FRA,0
Serbia and Montenegro,1996,1,1,2,68,SCG,USA,0
Serbia and Montenegro,2000,1,1,1,109,SCG,AUS,0
Serbia and Montenegro,2004,0,2,0,85,SCG,GRC,0
Singapore,2008,0,1,0,25,SGP,CHN,0
Singapore,2012,0,0,2,23,SGP,GBR,0
Singapore,2016,1,0,0,24,SGP,BRA,0
Singapore,2024,0,0,1,23,SGP,FRA,0
Slovakia,1996,1,1,1,67,SVK,USA,0
Slovakia,2000,1,3,1,108,SVK,AUS,0
Slovakia,2004,2,2,2,63,SVK,GRC,0
Slovakia,2008,3,2,1,57,SVK,CHN,0
Slovakia,2012,0,1,3,47,SVK,GBR,0
Slovakia,2016,2,2,0,51,SVK,BRA,0
Slovakia,2020,1,2,1,41,SVK,JPN,0
Slovakia,2024,0,0,1,28,SVK,FRA,0
Slovenia,1992,0,0,2,35,SLO,ESP,0
Slovenia,1996,0,2,0,37,SLO,USA,0
Slovenia,2000,2,0,0,74,SLO,AUS,0
Slovenia,2004,0,1,3,78,SLO,GRC,0
Slovenia,2008,1,2,2,61,SLO,CHN,0
Slovenia,2012,1,1,2,65,SLO,GBR,0
Slovenia,2016,1,2,1,63,SLO,BRA,0
Slovenia,2020,3,1,1,53,SLO,JPN,0
Slovenia,2024,2,1,0,94,SLO,FRA,0
South Africa,1992,0,2,0,93,RSA,ESP,0
South Africa,1996,3,1,1,84,RSA,USA,0
South Africa,2000,0,2,3,127,RSA,AUS,0
South Africa,2004,1,3,2,106,RSA,GRC,0
South Africa,2008,0,1,0,134,RSA,CHN,0
South Africa,2012,3,2,1,124,RSA,GBR,0
South Africa,2016,2,6,2,135,RSA,BRA,0
South Africa,2020,1,2,0,181,RSA,JPN,0
South Africa,2024,1,3,2,141,RSA,FRA,0
South Korea,1984,6,6,7,174,KOR,USA,0
South Korea,1988,12,10,10,398,KOR,KOR,1
South Korea,1992,10,5,8,215,KOR,ESP,0
South Korea,1996,6,13,3,288,KOR,USA,0
South Korea,2000,8,9,8,271,KOR,AUS,0
South Korea,2004,8,11,8,249,KOR,GRC,0
South Korea,2008,12,9,7,253,KOR,CHN,0
South Korea,2012,13,8,6,243,KOR,GBR,0
South Korea,2016,9,3,8,199,KOR,BRA,0
South Korea,2020,6,4,10,237,KOR,JPN,0
South Korea-1,1992,1,0,3,8,KOR,ESP,0
South Korea-1,1996,1,0,1,10,KOR,USA,0
South Korea-1,2000,0,1,1,9,KOR,AUS,0
South Korea-1,2004,0,1,1,9,KOR,GRC,0
South Korea-1,2008,1,1,1,5,KOR,CHN,0
South Korea-1,2012,0,0,1,4,KOR,GBR,0
South Korea-1,2016,0,0,1,4,KOR,BRA,0
South Korea-2,1988,0,0,1,2,KOR,KOR,1
South Korea-2,1992,1,0,1,8,KOR,ESP,0
South Korea-2,1996,0,2,1,10,KOR,USA,0
South Korea-2,2000,0,0,1,9,KOR,AUS,0
South Korea-2,2004,1,0,0,9,KOR,GRC,0
Soviet Union,1988,54,31,46,479,URS,KOR,0
Spain,1984,1,2,2,179,ESP,USA,0
Spain,1988,1,1,2,226,ESP,KOR,0
Spain,1992,13,7,2,412,ESP,ESP,1
Spain,1996,5,6,6,280,ESP,USA,0
Spain,2000,3,3,5,316,ESP,AUS,0
Spain,2004,3,10,6,310,ESP,GRC,0
Spain,2008,5,9,3,281,ESP,CHN,0
Spain,2012,3,10,4,274,ESP,GBR,0
Spain,2016,6,4,6,303,ESP,BRA,0
Spain,2020,3,8,6,334,ESP,JPN,0
Spain,2024,5,4,9,400,ESP,FRA,0
Spain-1,2008,0,1,0,4,ESP,CHN,0
Spain-2,2004,0,1,0,4,ESP,GRC,0
Spain-2,2016,1,0,0,4,ESP,BRA,0
Sri Lanka,2000,0,1,0,18,SRI,AUS,0
Sudan,2008,0,1,0,9,SUD,CHN,0
Sunrise,2008,0,1,0,1,NED,CHN,0
Suriname,1988,1,0,0,6,SUR,KOR,0
Suriname,1992,0,0,1,6,SUR,ESP,0
Sweden,1984,2,11,6,172,SWE,USA,0
Sweden,1988,0,4,7,181,SWE,KOR,0
Sweden,1992,1,7,4,182,SWE,ESP,0
Sweden,1996,2,4,2,174,SWE,USA,0
Sweden,2000,4,5,3,149,SWE,AUS,0
Sweden,2004,4,2,1,114,SWE,GRC,0
Sweden,2008,0,3,1,122,SWE,CHN,0
Sweden,2012,1,4,3,133,SWE,GBR,0
Sweden,2016,2,6,3,150,SWE,BRA,0
Sweden,2020,3,6,0,136,SWE,JPN,0
Sweden,2024,4,4,3,125,SWE,FRA,0
Sweden-2,2008,0,1,0,2,SWE,CHN,0
Switzerland,1984,0,4,4,129,SUI,USA,0
Switzerland,1988,0,2,2,99,SUI,KOR,0
Switzerland,1992,1,0,0,102,SUI,ESP,0
Switzerland,1996,4,3,0,115,SUI,USA,0
Switzerland,2000,1,6,2,102,SUI,AUS,0
Switzerland,2004,1,1,2,94,SUI,GRC,0
Switzerland,2008,2,1,4,79,SUI,CHN,0
Switzerland,2012,2,2,0,94,SUI,GBR,0
Switzerland,2016,3,2,2,98,SUI,BRA,0
Switzerland,2020,3,4,6,116,SUI,JPN,0
Switzerland,2024,1,2,5,137,SUI,FRA,0
Switzerland-2,2004,0,0,1,2,SUI,GRC,0
Syria,1984,0,1,0,9,SYR,USA,0
Syria,1996,1,0,0,7,SYR,USA,0
Syria,2004,0,0,1,6,SYR,GRC,0
Syria,2020,0,0,1,6,SYR,JPN,0
Tajikistan,2008,0,1,1,15,TJK,CHN,0
Tajikistan,2012,0,0,1,16,TJK,GBR,0
Tajikistan,2016,1,0,0,7,TJK,BRA,0
Tajikistan,2024,0,0,3,14,TJK,FRA,0
Thailand,1984,0,1,0,35,THA,USA,0
Thailand,1988,0,0,1,14,THA,KOR,0
Thailand,1992,0,0,1,46,THA,ESP,0
Thailand,1996,1,0,1,33,THA,USA,0
Thailand,2000,1,0,2,52,THA,AUS,0
Thailand,2004,3,1,4,39,THA,GRC,0
Thailand,2008,2,2,0,47,THA,CHN,0
Thailand,2012,0,2,1,37,THA,GBR,0
Thailand,2016,2,2,2,54,THA,BRA,0
Thailand,2020,1,0,1,41,THA,JPN,0
Thailand,2024,1,3,2,52,THA,FRA,0
Togo,2008,0,0,1,4,TOG,CHN,0
Tonga,1996,0,1,0,5,TGA,USA,0
Trinidad and Tobago,1996,0,0,2,12,TTO,USA,0
Trinidad and Tobago,2000,0,1,1,19,TTO,AUS,0
Trinidad and Tobago,2004,0,0,1,19,TTO,GRC,0
Trinidad and Tobago,2008,1,1,0,28,TTO,CHN,0
Trinidad and Tobago,2012,1,1,2,25,TTO,GBR,0
Trinidad and Tobago,2016,0,0,1,28,TTO,BRA,0
Tunisia,1996,0,0,1,51,TUN,USA,0
Tunisia,2008,1,0,0,26,TUN,CHN,0
Tunisia,2012,1,1,1,83,TUN,GBR,0
Tunisia,2016,0,0,3,61,TUN,BRA,0
Tunisia,2020,1,1,0,63,TUN,JPN,0
Tunisia,2024,1,1,1,26,TUN,FRA,0
Turkey,1984,0,0,3,46,TUR,USA,0
Turkey,1988,1,1,0,41,TUR,KOR,0
Turkey,1992,2,2,2,41,TUR,ESP,0
Turkey,1996,4,1,1,53,TUR,USA,0
Turkey,2000,3,0,2,57,TUR,AUS,0
Turkey,2004,3,3,5,64,TUR,GRC,0
Turkey,2008,1,3,3,67,TUR,CHN,0
Turkey,2012,2,2,1,112,TUR,GBR,0
Turkey,2016,1,3,4,100,TUR,BRA,0
Turkey,2020,2,2,9,107,TUR,JPN,0
Turkmenistan,2020,0,1,0,9,TKM,JPN,0
Türkiye,2024,0,3,5,101,TUR,FRA,0
Uganda,1996,0,0,1,10,UGA,USA,0
Uganda,2012,1,0,0,15,UGA,GBR,0
Uganda,2020,2,1,1,25,UGA,JPN,0
Uganda,2024,1,1,0,25,UGA,FRA,0
Ukraine,1996,9,2,12,231,UKR,USA,0
Ukraine,2000,3,10,10,230,UKR,AUS,0
Ukraine,2004,8,5,9,239,UKR,GRC,0
Ukraine,2008,7,5,15,243,UKR,CHN,0
Ukraine,2012,6,5,9,230,UKR,GBR,0
Ukraine,2016,2,5,4,201,UKR,BRA,0
Ukraine,2020,1,6,12,153,UKR,JPN,0
Ukraine,2024,3,5,4,141,UKR,FRA,0
Unified Team,1992,45,38,29,473,EUN,ESP,0
United Arab Emirates,2004,1,0,0,4,UAE,GRC,0
United Arab Emirates,2016,0,0,1,12,UAE,BRA,0
United States,1984,82,61,30,519,USA,USA,1
United States,1988,36,31,27,526,USA,KOR,0
United States,1992,36,34,37,534,USA,ESP,0
United States,1996,43,31,25,635,USA,USA,1
United States,2000,35,24,31,575,USA,AUS,0
United States,2004,35,39,25,521,USA,GRC,0
United States,2008,33,39,34,575,USA,CHN,0
United States,2012,43,27,28,517,USA,GBR,0
United States,2016,45,36,36,544,USA,BRA,0
United States,2020,39,41,33,633,USA,JPN,0
United States,2024,39,42,41,619,USA,FRA,0
United States Virgin Islands,1988,0,1,0,22,ISV,KOR,0
United States-1,1992,1,0,0,2,USA,ESP,0
United States-1,1996,1,0,0,4,USA,USA,1
United States-1,2000,1,0,0,8,USA,AUS,0
United States-1,2004,1,0,0,10,USA,GRC,0
United States-1,2008,2,0,1,8,USA,CHN,0
United States-1,2012,3,0,1,9,USA,GBR,0
United States-1,2016,0,1,1,8,USA,BRA,0
United States-2,1996,0,1,0,4,USA,USA,1
United States-2,2004,0,0,1,10,USA,GRC,0
United States-2,2008,1,0,0,8,USA,CHN,0
United States-2,2012,0,1,0,9,USA,GBR,0
United States-2,2016,1,0,1,8,USA,BRA,0
Uruguay,2000,0,1,0,15,URU,AUS,0
Uzbekistan,1996,0,1,1,71,UZB,USA,0
Uzbekistan,2000,1,1,2,70,UZB,AUS,0
Uzbekistan,2004,2,1,2,69,UZB,GRC,0
Uzbekistan,2008,1,2,3,56,UZB,CHN,0
Uzbekistan,2012,1,0,2,53,UZB,GBR,0
Uzbekistan,2016,4,2,7,70,UZB,BRA,0
Uzbekistan,2020,3,0,2,67,UZB,JPN,0
Uzbekistan,2024,8,2,3,88,UZB,FRA,0
Venezuela,1984,0,0,3,26,VEN,USA,0
Venezuela,2004,0,0,2,48,VEN,GRC,0
Venezuela,2008,0,0,1,108,VEN,CHN,0
Venezuela,2012,1,0,0,68,VEN,GBR,0
Venezuela,2016,0,1,2,85,VEN,BRA,0
Venezuela,2020,1,3,0,43,VEN,JPN,0
Vietnam,2000,0,1,0,7,VIE,AUS,0
Vietnam,2008,0,1,0,13,VIE,CHN,0
Vietnam,2016,1,1,0,22,VIE,BRA,0
West Germany,1984,17,19,23,389,FRG,USA,0
West Germany,1988,11,14,15,345,FRG,KOR,0
Yugoslavia,1984,7,4,7,139,YUG,USA,0
Yugoslavia,1988,3,4,5,155,YUG,KOR,0
Zambia,1984,0,0,1,16,ZAM,USA,0
Zambia,1996,0,1,0,8,ZAM,USA,0
Zambia,2024,0,0,1,31,ZAM,FRA,0
Zimbabwe,2004,1,1,1,12,ZIM,GRC,0
Zimbabwe,2008,1,3,0,13,ZIM,CHN,0
